MAE,RMSE,R2
27.4485824421267,40.21700498381102,0.9909570709573599
