MAE,RMSE,R2
22.27514893561253,35.785052494581656,0.9858970767589564
