MAE,RMSE,R2
182.31214209611508,206.27427519566714,0.884340137426731
