Label,MAE,RMSE,R²
COVID,43.56,56.01,0.99176
CNY,40.68,53.38,0.99375
Typical 2019,34.63,43.75,0.99561
Combined,42.01,54.67,0.99248
