MAE,RMSE,R²
82.13192987045409,104.02483196834886,0.9698741595900033
