MAE,RMSE,R²
79.5239200667512,102.11970698358301,0.9709675126684192
