MAE,RMSE,R²
79.77140918244758,102.40338405540034,0.9708059906591666
