Label,MAE,RMSE,R2
Weekdays,57.32834195053642,77.44758140096857,0.983844041951292
Saturday,56.21573790412694,81.04662941092148,0.9611530523062579
Sunday,52.814372066992846,74.19890775694093,0.967668019081063
CNY,72.50785137736972,95.9698446730203,0.9022379514378339
COVID,58.83847681114736,72.92900574404246,0.9841709779537772
