,MAE,RMSE,R²,Model_Type
Scenario 3_COVID-Xgboost,40.95616382044605,52.206095796255696,0.9928402732619833,xgboost
Scenario 3_CNY-Xgboost,42.1246986743582,53.113892782984074,0.9938140635547157,xgboost
Scenario 3_Typical_Day-Xgboost,34.40573798555777,45.56234686366924,0.9952431078069286,xgboost
Scenario 3_Combined-Xgboost,40.6456417627755,52.46251135429736,0.993298926812925,xgboost
