MAE,RMSE,R2
41.85632447657829,56.02647749709613,0.9933219997562306
