,MAE,RMSE,R²,Model_Type
Scenario 2_COVID-Random_Forest,44.56917950194478,57.276596646702714,0.991381961615153,random_forest
Scenario 2_CNY-Random_Forest,43.50187375913298,56.21008716206819,0.9930718432342184,random_forest
Scenario 2_Typical_Day-Random_Forest,36.90393640707546,47.827812131391674,0.9947582999381788,random_forest
Scenario 2_Combined-Random_Forest,44.272404887986234,57.19334206571707,0.9920358916674621,random_forest
