,MAE,RMSE,R²,Model_Type
Scenario 2_COVID-Xgboost,46.36859210848469,59.47658115394684,0.9907072124627067,xgboost
Scenario 2_CNY-Xgboost,45.90645008786676,59.1801191129414,0.9923203600625298,xgboost
Scenario 2_Typical_Day-Xgboost,36.995933259150895,48.47785924631353,0.9946148475326291,xgboost
Scenario 2_Combined-Xgboost,44.70122277104041,57.88001265124736,0.9918435074561897,xgboost
