MAE,RMSE,R2
22.31080693942924,36.371406198194435,0.9854311252653442
