MAE,RMSE,R2
115.61768495339835,138.33353718550595,0.949862615331107
