MAE,RMSE,R2
27.61524778500696,40.77784910754506,0.990646425904162
