MAE,RMSE,R2
37.34884591731274,46.982454698138646,0.993999824687457
