MAE,RMSE,R2
56.71645924195479,74.53196944117694,0.9854456804313989
