MAE,RMSE,R2
26.996101148092645,37.53451832069966,0.9921231719123601
