MAE,RMSE,R2
34.03404097282805,49.955876010783335,0.9859621007875274
